{"cameraMode":{"drawMode":0,"name":"Shaded","section":"Shading Mode"},"sceneLighting":true,"audioPlay":false,"sceneViewState":{"m_AlwaysRefresh":false,"showFog":true,"showSkybox":true,"showFlares":true,"showImageEffects":true,"showParticleSystems":true,"showVisualEffectGraphs":true,"m_FxEnabled":true},"in2DMode":false,"pivot":{"x":194.85520935058595,"y":-106.52208709716797,"z":397.01336669921877},"rotation":{"x":-0.05586928129196167,"y":0.9439018368721008,"z":-0.24606093764305116,"w":-0.21434958279132844},"size":145.98558044433595,"orthographic":false}